"purchase","visits","satisfaction"
56207.5673588629,18.2095321780794,3.7445964846672
50356.4140371101,19.3243623701547,3.54512160071797
57731.5448434297,20.1903190608317,4.30864512506823
62724.8908552949,17.9394952963018,4.69029017513855
53709.7543305053,18.0543079495631,4.21266392689689
48371.4566306151,19.7097236618478,4.02300900169848
53971.1188752218,22.9709507017039,4.57363560750267
49200.1068261217,15.0767551832374,4.09126497905667
46550.3481606643,18.3324832268203,3.68423486533032
57021.5136399757,21.8965564004303,4.00256907980779
46043.0360671956,21.924099077619,3.91020859667727
32449.4595143115,17.9972413218533,4.05642034949463
45790.3623668883,20.9719902944109,4.27862539372793
57649.0961240503,20.5502408403283,4.0552002805341
60661.6211294498,17.0162638004866,4.74350553538337
48063.0364273281,20.9216134232661,3.67296687347086
49478.529866849,22.3057133422002,4.18698191038082
54176.7081744612,17.7098250101718,4.52644764616166
36873.0597181693,18.6218693514609,3.73486091951993
74290.1920871089,23.6066083157666,3.89363449130682
47554.2934822786,22.1317019892563,3.91298597520506
57337.8541700719,21.1875048428328,4.17383858423253
78527.8144847257,19.8696868512167,4.27122195350541
56715.2529860719,18.9737157947712,4.83617091005015
48841.5074401915,21.2734148242493,3.83495647807169
36986.4801109405,19.9104896315595,4.28926907150477
40821.9974489877,19.2400057212072,3.74715929839842
50507.1604508242,20.9154198416186,4.06119785313746
46198.6713542886,22.1789844510362,4.16567148214975
57226.2510495383,15.3401925760286,3.90943097206932
39742.4240656192,15.3732170341149,3.90757717718312
68198.705530795,19.0168320689106,3.77789243475841
37295.8248501916,21.0372285772109,4.07535360199551
55888.1577172952,18.5132767722701,4.33638391278355
43657.4664348394,23.2732563645604,4.18263103572487
37341.8458940376,20.5363578215098,4.28105799802851
52837.4900275796,17.9728625368533,4.22587491843792
35182.3883297919,20.4671434768556,3.71630213493096
59118.7965372916,20.2893227229502,4.15365637215333
59714.6876955315,18.001176891136,4.13318428533679
62731.2697000082,20.7771226492147,4.33891848911734
64622.6848179135,23.9352507456152,3.80338200129576
43889.171739176,19.7615345564155,3.4569569505922
46394.4676980813,19.0563226883048,3.90129237987441
34708.4821588154,20.0329171998085,3.99828260729633
61332.6376501152,20.561117417647,3.72599165377853
45592.6086657647,20.8400049480872,4.07004749935315
51296.0479199715,18.3828695538851,4.1173718651224
58712.3259775048,18.6589782521834,4.33440419781803
55055.1471283755,21.3893549519588,3.69083331972032
53708.9225645468,21.1484332300951,3.91360417736702
37719.9071449668,20.0489384525141,3.94736757455806
48378.022897474,14.8933132251477,3.16894875307615
60880.7152399518,21.812777283236,4.16411727333245
53592.0136606431,19.7985534237794,3.74962758826681
60671.9115528653,17.5894936982052,4.24602745688633
56283.7875885543,20.2504888921948,3.90671682909897
41684.2111329913,20.3391127545684,4.090754657488
43076.145558289,25.6713384398459,3.75816471599009
49552.1021943308,18.5702319033504,4.36411087363083
55945.6887933296,22.7856775761591,4.08326035187747
56391.0080226561,18.6333255347464,4.0593448974611
54794.2187979326,19.5335663290454,3.31656692511698
63730.6241314598,18.8166027463344,4.18633901823592
38523.1587323969,19.0857960913406,3.51160548274064
25493.0150887996,20.9920041962587,3.94873115757817
40974.3684123666,18.3467877893404,4.62839288341802
46025.6833327281,20.7122094281456,3.93008662635097
67168.6428369467,18.3243344767198,4.23320688202556
45892.467058549,20.9048501526933,4.24444240366536
49082.1647244605,20.4263882479435,3.5060197537106
42534.9714098397,19.3919384711681,3.92814560473611
41783.0472334681,19.9134716384181,3.78369049783567
26829.8035599974,23.7003468327628,4.20928711845673
44646.654186781,22.1616086205763,3.92097563296216
59973.7988257426,19.3473854013829,4.6184804624039
44547.819125866,22.4116698239693,4.16792879976855
65096.4916430291,21.1279442239838,3.958013426387
42561.6163691887,19.7494824742634,3.86726692333649
43325.6115932416,19.3904926990774,3.74147579029684
38791.0693517719,16.5684035295127,3.44812022756842
64700.4306742203,20.1766324144604,3.67330628659252
52052.5662102631,19.6397013720519,4.05015567033367
39387.5811200101,20.5129823726661,4.27268771836388
49990.251684852,22.3863409030862,4.15769251453726
49755.5282958158,17.5567751231758,3.9348170811454
63041.7619507043,23.3634841633105,4.36571851719423
40079.3088816073,16.3264403374306,3.35318424048101
39514.1668309885,19.0553651837172,3.5255761969911
60086.3869821045,18.3958856830777,4.03195126007781
56263.4056082893,17.1572857744965,4.2694413468679
40951.7909886972,21.327852045893,4.11594268489757
67160.668884723,20.1588401572625,3.58199315048806
50902.2969867071,20.3696943631761,4.16285254032437
45744.2099976466,17.3179462737572,3.81535779994376
39473.1886497215,19.8008940216952,4.00382603565219
31628.5924447061,19.7070079035792,3.26686320145609
35036.4521063082,20.800973592808,3.95611018164225
41779.7081814203,20.3817464774935,3.88445360085406
52167.1609185618,19.1749420479017,3.96214376801198
56904.2591826892,20.0835569987153,3.8906114398807
47452.6917344585,18.3727647627723,3.75851407791842
60423.5775054793,18.4157899737748,4.35671490545751
52370.1116902747,21.1591620657063,4.19988328738224
36727.6277234212,23.5681732065799,4.07851751027131
49236.1501028413,21.7389533870404,3.42917506045269
37385.4229684865,20.1856790216523,3.75512825671956
65006.7492670297,20.6940556459068,4.01236701558645
53362.8333704305,22.678464137705,4.29927577018832
62242.0023973955,18.7970979906042,4.361938890659
38018.6485974618,20.6892945990613,3.78473230001722
45674.0261724958,19.5524220881388,3.76208242232584
46878.8840141814,20.0155147443477,4.35082568395692
30956.5455134582,17.0547453687687,3.12500054547868
48604.6172073377,17.8354837992282,4.38585906174591
61616.3449889025,18.9700012740587,3.71351225083745
35043.5792977306,25.3451018266893,3.30610603620828
49533.1055889011,18.1495267534579,3.60384997294348
47795.5239289815,20.569281212579,4.18423138364642
46566.7718078374,20.5308713101086,4.0433297227681
43593.4179946044,21.377966160418,3.8435638384796
41361.471158388,18.3007607296137,4.05229003825816
45712.1407495952,19.6789900576837,3.77999441434183
36106.1651594298,20.8131412830248,3.89917093096913
52508.970734901,20.9645544095879,3.94539847527539
49549.8387897553,20.7645396110027,3.90534538360382
36209.4430066685,18.3971550382569,4.61426230800861
49429.9463037426,18.8896943309324,4.32104694472473
32678.7293918758,20.6239226921579,4.09741357678068
48675.1661477467,20.4986188915126,4.19596276352172
57612.7410367944,17.6963594749501,3.89379662010419
49466.9967852682,22.2898359651128,4.0010309343072
42827.4764445696,19.4056036358982,4.01023350734577
36497.6769628845,18.3468189463136,3.83499439961282
39842.002171807,22.6360016679167,3.93961288888101
65621.9763668105,18.6190324192128,4.17165290704532
39898.6924925151,17.4604444499338,4.10442137030039
49014.0747230882,18.3473864608741,3.59626681067415
39607.5109701995,16.7440044263409,4.4029569339595
59380.486029899,22.0732157325201,3.8537436704558
43156.0450821059,21.1731654631678,4.05245209868936
30841.2463613938,20.9867920303584,4.30611775729713
59352.6769945311,20.0343116733229,4.17933428395035
56347.3534764576,22.7713167662596,3.74500918078514
46796.6134071241,18.2558818062991,3.69767793257988
43943.8514738893,18.969616798638,4.09786190086304
37358.2489356992,20.4351439146992,3.87937533111807
60207.5235870986,20.9387590771922,4.3208192793271
54713.6540380878,21.5672156569886,4.57116323875546
50799.271630457,24.2014628174111,3.84619175108038
45154.4090125498,18.3996013633749,4.00191720117122
48503.716193291,20.5795080358979,4.13350323685367
46582.0216107847,17.8794019375499,3.86382704607088
38055.2631390392,21.4787742250803,4.35709244070319
47758.5909161219,20.5294357387112,3.97400331593887
60767.149929366,20.2699539117721,4.71561959174826
56676.4515988395,17.6155367668151,3.82087175953986
61254.2377159649,19.9809000517777,3.708886614567
56078.1842462662,19.2854289550441,4.10673317515246
65452.6611499059,21.6460858792239,4.15266670908
52797.9526964603,19.4344880856856,3.99720573352143
69072.5447898152,19.1375462488415,4.00219509758557
49020.749498255,17.3936549088228,3.66815784305193
49039.2300812044,17.6645026503795,3.1177321961643
41279.5454283013,21.4836411242083,3.98183666753412
32926.0240417089,24.9313350493864,3.67659396940325
51573.5692146364,19.9115265831445,3.93359480972079
47656.586550579,22.7278827183271,4.58967311996775
32741.8020060519,20.7299850141664,4.00883390980849
58550.6038613603,20.7744716592894,3.95920120560249
60568.7369722696,22.6184240089154,4.10303592686806
60063.9988812609,14.7105009205892,3.83030955108856
51898.232672586,17.1541893397103,3.86876583544664
59866.9795057497,23.3197535301,4.57503958859742
72500.4681289439,15.2149157985313,3.73995383983452
61938.6903935747,24.7913292987095,4.01688538334286
43379.4647867603,19.870200773862,3.99275656597939
58955.5994867501,22.4883283122345,4.25284028853965
31934.7846428964,16.585476831302,4.65283652740629
39793.5218492854,19.5515858670006,3.81639937992111
55402.7118139811,17.5180311788661,3.89276332310588
58854.4423190447,20.6631803144667,3.52983060552303
64425.2734152808,19.8715446929816,3.98104409490138
56184.3398899018,21.64932245511,3.78346711270217
34823.6500950611,20.8696342866237,3.81385286244483
39295.4184348761,20.9267558321882,3.81283525655337
56355.4452808498,17.9983658718444,4.09086094602486
54291.7803743434,19.886683138083,3.85619429528474
58427.0786732367,18.8658491030811,3.90303161002366
47183.8329329976,19.5749816417594,3.56342650098417
54202.5196764794,20.8570213325442,3.49122552758536
56740.0705993903,19.160738736808,3.86368425136037
60137.4540798172,20.5167240295507,3.74295228288928
52793.0698256389,19.9909260350298,4.09426385088791
53155.4094467137,21.5679463804076,3.76844270921834
54512.032498793,18.7441328706682,4.26574846244484
62401.5549854561,24.0564326602588,3.79480456311087
63732.7184621,19.0643043658759,4.32331522209766
52755.1051472907,18.4346449653006,3.59226284379393
50609.2997127302,19.1657610548261,4.44555336617678
48039.1198214439,17.4135498040625,3.95923665177166
21507.570645155,23.935741315023,3.92135594890693
42949.9932061952,21.0459344671978,4.36191697023737
49101.3034182926,21.9153440775021,4.02063005056967
48259.9524480789,22.7487128922703,4.13306651210923
39845.9304491063,18.4859892711475,4.09325014672099
31791.695683322,17.3340804326628,4.07765561835271
62287.5972644982,17.8840459126362,4.21913114101571
38077.9891284531,18.7386061738494,4.2112973864983
58480.1532566769,19.6587476708448,3.68856292618569
61576.4769241699,19.7644670228175,3.90895452484073
48986.4979691122,16.2499839266304,4.09391046652371
61657.7797343131,20.5711093802704,3.59454878382798
42942.220677693,23.1001382232598,3.82275818332619
53332.1890274365,18.8701519360855,4.45113048993789
62108.9107336423,18.3884120502642,4.21182434160145
56390.8321995092,19.9445673156985,4.07568691712731
55766.2483615436,21.2393297104253,4.05191391279962
49181.4818784773,18.0498456166538,4.21146140554304
59174.4058037009,21.2316913921461,4.18696821595825
51122.4885112124,18.5871551508873,3.96127560386326
46169.0475757383,20.0607769478169,4.02724804161334
52345.6052319961,21.280682200094,4.25019615240899
51245.1786334212,16.5699363475838,3.74228908495284
45766.0434208877,19.4295085347622,4.23066774374761
51741.0487216316,16.2720162973898,3.62218801402449
41378.9136035524,21.6197673432563,3.76484683592762
53041.927554925,20.354091802772,4.10126709671988
48333.070263153,21.0323542897771,4.37891616054158
46975.1424225458,15.3963026789617,3.93261663742076
55868.7172725882,20.7299322518017,3.93711822796373
27652.638440395,21.712057676944,4.19216450924505
56335.4999984255,20.1035820444465,4.27424620014465
43387.4955474837,23.5118461523247,3.74597257956165
39166.2731936087,21.3647306015589,3.87793490176201
42347.0405521924,24.0435779217879,3.59769395107977
37005.2089836349,21.3463023041906,3.8976505259531
56844.5764863501,20.132556792351,4.33562376973982
52888.4654087677,19.7291606607766,3.98155886990383
55787.4229522604,20.8455683496013,3.76782616112355
51077.384829802,20.6857625779747,4.21256403843728
45939.6897545247,20.3530592213764,4.01654192807437
65011.002625925,17.9194289202912,4.14124979857343
47365.7762450759,20.8224622054812,4.07503789808557
41610.8868692655,20.0298472286912,4.17196712453543
45745.7156879204,19.3429243911403,3.98941642567588
58351.6594846794,19.4969990177114,3.97416037637634
54621.9318851709,18.9340181048351,3.85726910707414
31851.5052227798,19.2151209419082,4.28056185239111
68862.3195915231,21.3846892332982,4.0723879682625
56904.9317240626,23.9000060425393,4.13786717403758
56007.737605194,20.5881578297576,3.64679291875137
55361.2214158876,20.9664175675916,3.93601620195474
58909.9692594712,24.1764172054664,4.09686100545022
45183.6295386871,19.4739097658102,4.30275334969259
71040.7777953912,21.2487268109311,3.7599226204343
43786.9604007767,21.1564641720993,3.43525335160995
54613.0706814069,17.2947937274653,3.86871303893075
55619.4657097611,22.015006487147,4.12092718186297
66035.2998380546,22.1742052707621,3.9170259382596
47674.0075581611,18.9970447008376,3.64748567328697
51467.7378737084,17.9500497678689,3.81152357976193
44647.4191927206,19.6981975520638,4.2829138464092
23758.3143733059,20.0785726639501,4.43374750580673
37057.3119376154,24.0398971885067,3.91837811426406
74896.168373917,19.6999804082808,4.47674240856013
62867.5864702399,17.659710052953,4.14758991093517
48905.7512794314,23.9054578040465,4.19444093956092
60134.8349187412,19.2333304371257,4.13241090073913
51904.5860066583,16.1157330333672,4.35322718988604
46294.9779905918,20.7627076918003,3.50923162532977
51154.610880688,19.282811994065,3.34584968728066
44461.3652954411,17.3875279644108,3.99238170400843
58325.4335909643,16.3774472805305,4.42123203062038
36168.809743146,18.2202958764199,4.0143557064133
46380.9140244723,23.8091812451296,4.10277412950432
53092.4822530715,20.2011770783888,4.29581751169505
58918.7556198112,17.7045093275866,4.0676864861973
60889.3127070314,17.9288634009063,3.96659930583378
40801.7328309743,20.38941173889,3.68810038122716
50171.5573817013,20.2829242495904,3.75663903592134
43803.191601968,19.5048211346651,4.05700394270144
59559.6765754899,19.5048224180365,4.29508104686625
39778.2804563555,21.6192053648813,3.6205552838972
44402.8647280226,19.5852150624212,4.29194694649094
63759.1014121061,17.6159210976804,4.47017812461833
34751.6738133438,17.418665387574,4.24564742697301
53269.3334531975,19.0867548632365,3.72821040866002
49366.5327665142,17.9015596080159,3.85427009106866
37518.1786762428,19.3232607768175,3.77704139393841
39900.0990443697,24.0161774201519,4.03317583396731
45815.8111986924,22.8059080301059,3.81070691594076
61955.5363585792,20.3749549723565,3.51042747761671
52271.1677736577,20.1084019130636,4.00338081920089
38637.8740940503,18.2670885233241,4.07318473206179
57314.5381784161,22.1344054030675,4.02285789318545
56893.4478574952,21.6156379409896,4.42894952765043
48567.730458042,26.5415869168875,4.29620331920962
46085.0649626519,26.3051326113242,4.20891183584057
64855.7157475772,17.4243876280061,3.99795877929227
26530.5878970801,16.0716990997286,4.18598096452233
25956.9643360373,14.8966585759923,4.3720366308797
30079.9072277651,18.4502684293299,4.3804857543778
33529.8598887777,14.5669341784162,3.98397018186903
31354.0953198539,18.2230334124598,4.32673951964313
29005.387094399,8.60434714298457,4.40454163938859
30097.4434009623,15.8175404350999,4.14328307075034
30399.0511444507,11.4338284116863,4.21301086877393
27688.2335252434,14.0928544104932,4.37661963433886
31624.3932874338,20.8215205490063,4.40621386778033
33668.6881173236,18.2502948236757,4.48245133169873
30818.7411726665,17.3840106704557,4.47763962203656
29399.869362796,17.7967344761089,4.28989636935285
34258.8077136495,13.33964574903,4.60775548721246
35347.2670358228,14.6838674494334,4.10477261302907
31025.3359106417,9.84565869756812,4.40310116266885
30983.4052713433,18.143214755757,4.16301066179525
31650.2922481213,16.4236832762472,4.23052484670365
21894.9439114771,19.0643237120607,3.89544831482897
31500.7151691811,14.9115136165625,4.33263256267634
25414.8559661062,11.8291250496712,3.75620153332202
32449.4345173292,11.9681272665875,4.20321588505918
28151.1699437172,17.0922755447101,4.00919247146127
26229.8383703741,11.9999056786391,4.29677905195935
29233.9413840575,16.2665955248733,4.60542889171296
34345.490425082,14.7596529158344,4.40397665290165
26970.8456366438,16.7471911543218,4.23289781307488
28320.0028806454,10.4254094889094,4.42160164473479
24165.4747406499,12.1195011979156,4.1899042479913
32156.3277192851,16.4473347481144,4.10811052450643
28681.2082234275,21.7152952236827,4.1883361510951
28040.923118466,23.3792449863568,4.29828186980912
26649.324766443,14.0107781913251,4.40401926182306
31412.5306203781,16.7968826187846,4.08102513934422
24544.2918810125,11.6402741287772,4.27673871742582
27723.2602729181,15.3306866772382,4.52319516079153
30608.8810638918,15.3266125678825,4.27419667740968
28609.887093879,12.2585947606904,4.39059624882356
32430.3819697888,15.9569945831313,4.66486208181689
32226.7141067788,16.3098168993524,4.15773627490555
29899.2533547262,16.0319623042919,4.13395193080689
29691.3848733175,17.8162536869201,4.53678638121177
29158.7763726065,19.0079497902764,4.34341204991677
26384.6464372137,13.5057272521296,4.51621093667463
34138.1920662366,9.80977241838138,4.39520033949839
33394.7769109052,13.0212835743389,4.07317725635443
26580.4937764384,16.4769074400931,4.25071801043171
36243.1883819434,15.2092548062907,4.65697197946641
30908.9604990766,20.7576562584039,4.02466624614993
29549.2744539897,11.980959110662,4.36051536174324
26213.7602607611,16.9619304008888,4.11557741111826
27672.9110070597,10.7625888258931,4.28697183562958
31334.574123963,13.6931382640949,4.25557642339412
29014.4332188503,11.5837738180618,3.96618597060205
27134.1609095023,17.864969730245,4.21150021500445
32204.5402065564,16.9942821091313,4.23603479772697
35901.5399095147,15.3757320391539,4.20860171367022
34720.8969330802,11.6553317485956,4.69697454255472
31421.2799281258,13.9899137838741,4.58770733819367
28843.8947293002,14.0081645639266,4.37467214326789
29798.4033840043,17.3495196919281,4.18373020179021
31037.7285854719,9.47929578667545,4.45047682432862
29450.0209241256,15.6237522991148,4.53075985396495
27526.5403098044,16.1328857636178,4.105264602815
25583.9585485283,10.4378904835479,4.44777642486059
31686.6493237855,15.4762975199018,4.52319267192265
28573.3169322363,17.5889319107265,4.13166342232485
28753.3829811524,13.57485611774,4.51645986957731
26081.470974535,15.1250036904197,4.05839473723122
31755.7753744944,16.932166195301,3.99910980762435
33371.0294011494,10.7623216669001,4.23244081108684
27465.725662432,14.7318204364413,4.38965163222179
35242.4438749472,11.5419233456107,3.97093559982074
28219.0354326602,10.8011836861825,4.7554794342108
28680.2041895371,20.3181419747295,4.09566931652014
29099.7429776915,14.4565892947303,4.28118511333937
31213.9221451382,16.0047954383931,3.94818978270356
34800.7988977923,13.9333506805633,4.20356184114352
29658.779330775,19.8746590208132,4.37512323897734
29466.7516579881,18.9822268763983,4.31123219880307
25756.9902282824,10.6534623096196,4.27054829298523
29300.3623287281,13.5850912266229,4.05254761293576
27973.6172533579,18.1335054045845,4.15581350241849
31678.6930020063,18.9058116522282,4.5229339287894
32805.2712299539,10.9892062877108,4.13851777809558
27315.5470701659,18.2408249621845,3.92068835393209
29708.3373024778,9.01146106601718,4.05744497259458
28084.8073983844,17.6609617062985,4.12659585800809
26974.1316305977,11.3851010641314,4.41006372395352
32476.054527873,13.687833795312,4.52999131840033
34864.3763988088,12.3822759752168,4.47167424925818
29184.6498534453,12.0987832001862,4.10579961995693
32761.4667625639,13.7830351071534,4.02184714906333
25806.3229542325,15.5791799279102,4.40454887273621
34250.8898327663,16.586409545787,4.60467009004447
30669.3441369497,18.203100646511,4.09562649747079
30427.8243370582,10.8941861823502,4.14862924091951
28105.5623797991,12.8326248394071,4.46793860751712
31189.8329456204,16.32544180279,4.30952975867836
27378.3525089594,14.4925495815362,4.29866590677922
32621.9406706324,9.97889508282819,4.44668259467128
23769.9981987356,11.8079580694638,4.31942053115805
28176.0488236416,16.866842974626,4.36153360826218
25734.0078718333,15.5196448973868,4.08231250370704
27798.405878632,13.1684319864196,4.29768355713878
27852.5494430025,16.9907582464756,4.01975347437736
27603.6170161748,10.8329671022336,4.18458080428369
31003.1875891048,18.6695603919865,4.39396952308437
29836.5458311901,22.4718618978624,4.61139609225812
29265.9859496974,10.2610607025542,4.56928006915008
28082.2311272335,12.3532293528553,4.2827156977884
25724.841837514,15.8575656720038,4.16057364081212
27329.5735812977,12.264743946689,4.08324005292737
30014.7321114169,20.2149057846089,4.16883378989277
23062.8939216816,18.8480395196248,4.52114179907664
29545.5809832919,10.0697184511779,4.30811269395179
32711.2793718337,12.8780620639143,4.40680490779333
32054.4181093347,15.5704346889776,4.54667856944015
29645.9547578048,15.7129192797135,4.67990129252339
24524.6651765794,22.7748910428041,4.13246166604544
30360.933064587,10.9943154440394,4.43708600880887
35829.1757423725,18.197805396546,4.28801520898399
36287.3311753415,10.6803453953972,4.60882681081296
28444.7683258888,17.1667978815241,3.9476814249001
28953.9162486198,14.4369022405313,4.13690108804143
25982.5434113174,16.3356289016077,4.64205768950143
31310.8721983856,9.82067610821543,4.4399480494209
26093.1300420192,19.3798519916473,4.52078925658915
27498.4840359041,11.5496346333514,4.20636632724658
33402.9573520991,12.8604072036341,4.33498854198876
32664.7521625789,14.8442026159046,4.26244487579386
32938.6951905924,15.3408805503172,4.3445383515323
34184.064226493,14.7442988792596,4.21001590312443
29078.8033124281,11.5806915100351,4.28697467345846
27089.5339896155,15.6216939340759,4.40152032516105
31031.4617916324,14.1789677272757,4.25811807731752
30456.7973949565,15.4306692735615,4.39896577001881
23468.4765535133,12.9242607987005,4.15695698028344
30259.2008240228,17.9358717384001,4.08863849062181
29972.679685406,16.8927924273232,4.05703535237011
38372.2157137244,15.9985190493379,4.29181959006139
30703.3717108669,14.5095636702761,4.47506631608654
30202.9660666572,19.3421003306266,4.19290370578908
30023.5322922326,14.155538565459,4.15556769786195
32090.1272523565,13.9239110083528,3.97995851754652
22295.3957032032,18.4270068505936,4.00351127215413
30044.9395876479,10.6563366407877,4.40269080582141
34181.9884152935,14.062795539261,4.21375317803807
31792.8436856393,10.4436265770892,4.39831123950348
29107.5508333866,16.0717944508451,4.30316824088145
29605.8901920332,17.6174767350625,4.31037786740866
34122.4088256371,18.9192815555875,4.3864380760616
30333.8085327722,16.1880214723136,4.29863887051867
30643.4208129858,11.6856018126907,3.7739572076123
30242.6528827538,12.5307158302798,4.22392314298985
33757.7342895342,15.0137368451429,4.14711019595814
31427.1519022567,17.5042969900941,3.94813359177997
26893.9574807685,20.3341874460844,4.45321455273832
32307.3594783576,18.4028552166998,4.2883525359019
26303.2095078445,14.842458171753,4.41989695186044
34151.9763805433,9.8568197498883,4.49956459335069
32902.2327480308,9.33494273940223,4.21658235070223
31585.105884721,12.1698210301923,4.17715703022407
31372.6938341775,14.4011927399958,4.26929361748409
32683.365733785,13.279445369129,4.85170258474059
32156.5428682913,12.4543816322362,4.10032618677975
30032.5181723791,12.761908442425,4.65974684213004
32021.6278061968,14.4412433477529,4.43621371717013
29558.5198540415,14.4246030510494,4.1927425285747
29020.3135920648,10.7373755427054,4.26920033346178
27367.7790310368,17.3994262202541,4.17917799683618
31059.665501129,11.2195091596039,4.62270845244002
29790.1447487876,11.3360117348013,3.86528846542657
32596.0343013129,17.412992294603,4.0154063192995
29936.6614003603,19.7682890895983,4.46081497523397
33988.2083611191,21.1300940635743,3.93480841023571
28822.9649640887,15.5743459504261,4.05745606773356
24863.5359674344,14.3277756563104,3.91243625245881
28906.0709551477,10.4756398271414,4.18222110301263
36676.2191144287,15.6493879642054,4.34924678486918
33129.5300019742,11.698389573081,3.95336478733907
27552.3740795255,14.1223767040626,4.40917157698442
26313.600045575,14.5606143383557,4.23014438354021
24346.2479809078,15.6703443701663,4.22565324680986
24163.0625864725,11.0508306347151,4.44413286064369
22382.6562495747,17.4021145866524,4.39158267760461
33075.3468163083,14.6233515334485,4.24404243723823
32751.8547960482,20.5839858605685,4.52857280518742
26459.5349903385,18.4731434902196,4.31271866759606
29960.8262761771,18.6612361387677,4.22122365539652
29782.5969271569,19.7965498141477,4.15796082770906
34447.6333823901,17.3956353748379,4.23442935988459
25520.0484298451,17.205802969166,4.30753866545122
27196.567435521,14.673530643197,4.4943767726482
31213.118731952,12.8106224606356,4.22859018781086
30635.7618307813,12.5101953418609,4.45186635286345
24916.4750972233,12.5060668924256,4.26078650281326
35278.7325888736,12.3350251023045,3.96449321754405
26952.2968754333,12.9177092878127,3.96787547594958
34164.5175840466,9.43156877538526,4.16902591221795
26824.6409385489,17.5092915683743,4.5000606899132
24378.8604452435,18.2221044986901,4.3750504417068
26998.3101634202,16.4692989296351,4.14493199579866
30607.0979357426,17.5468434757661,4.3224139884794
30797.0708772171,14.6577372703177,4.48238924979917
28944.4769575567,11.7263902545595,4.35578465779387
31742.214147907,18.5750326897972,4.3943348946942
31173.4335392354,14.9818333410437,4.3522922531658
28526.697289785,17.9901676920199,4.50374295959788
31945.7243371057,17.1693989948894,4.50583429793094
30571.3124176057,17.4645564448196,4.38876101692459
21541.4747281065,12.5805526564865,4.29009724356806
32703.309415497,12.6567960545803,4.25275502989866
35515.0599370209,12.3046543919212,4.31236296913666
34228.5860437803,19.757200150024,4.15924214835132
29801.2779426096,12.6847737578662,4.62317428244198
29125.1846087679,17.9501728120387,4.21918414148138
31114.6641110407,19.7385333784307,4.07569866085926
27368.982496129,7.95572964617323,4.38725195983783
27232.9883615611,13.0583020276709,4.14741264011094
35924.4159663688,14.617549377637,4.56171644056395
31644.6249769161,15.1482991583145,4.24712703870736
31953.622309142,10.5702049992559,4.16603237755831
31129.0717748217,14.95841834321,4.18190731397483
26097.4007074648,16.7615145198569,4.03611600213982
26349.3642559411,18.0553533849204,4.07415069281981
34732.8563079962,19.1021028661023,4.21094825734217
26161.2801847244,11.3020616074106,3.93704233231059
27668.6225002283,13.9855182553299,4.36181755897826
30014.1588321886,12.9147287860674,4.49366441887738
31018.0484277271,5.71258193682444,4.0362251181813
33225.6715407742,13.8129929015859,4.39810238313484
31163.3570509894,15.995256659408,4.223869704556
27679.1661807084,19.1381078718315,4.12644997887358
29887.9252021406,16.7911385934854,4.96477931669085
28033.2771727748,12.444217936435,4.52699145426319
25957.7816173934,17.3814335302658,4.22594548109873
27590.5654202522,15.642130410126,4.2488991354532
29687.7288241017,13.875567228458,4.25720834042557
26861.3838092932,8.8738474329896,4.31120384718229
27120.2797998865,18.2371449928817,4.11415921065074
28617.2308149081,17.080391466812,4.09841865959648
31089.1698165371,11.734227875001,4.37245644731372
30006.0322360739,16.8860780969931,4.4790071192702
32415.529052954,13.1991746857199,4.30657869893511
31114.756551696,15.4751109524922,4.3341721244269
29566.193725146,14.2109202153192,4.10389134614121
35835.5001876,16.0680664588614,4.14845837623453
30441.6984329895,11.4650678111078,4.36757902963154
25694.9172472505,15.5170915429325,4.18908977957069
33459.1251866792,12.2303759943205,4.38271379772755
29873.339117187,14.9356196103033,4.11323331268535
25986.6882851162,14.9917861035811,3.95205057646581
27473.3559680728,12.1395368179799,4.52367727746063
27761.4527871437,12.7978976951546,4.5423935455931
30064.0045095839,18.5949793017908,4.17973189745295
32365.7113388313,19.0118641426506,4.26679150834132
37855.0155153551,17.2050525733828,4.77305356644771
33784.2965763154,15.2706456820066,4.36476089704595
29556.8580024778,19.9402420951869,4.03317480439695
31990.1477198542,15.0163475839907,4.45482613438644
23189.6037903306,17.4425189386798,4.27913430779614
24988.1079799853,11.6017894819706,4.11577280136063
22480.5181166206,18.5989364084111,4.41189859846604
32691.8175204853,15.3400237073315,4.45659935206026
32811.906139931,15.0837530183072,4.28639690770331
29269.3646837698,20.5695106768322,4.2122458854329
30671.0772535845,13.6905011518263,4.24804026564597
30851.9706115244,14.0285679142064,4.28839664982362
31466.4031904825,20.7589171088638,4.21452984357498
31467.866079499,12.3800597742228,4.32041358371103
27643.3507413449,26.6064750444827,4.21483430974464
30549.1311841031,14.1515968273328,4.22853897779386
26352.9439431553,9.95316378650978,4.07469982273794
29569.9782228122,14.6539207065825,4.10638437851001
29690.2271708748,17.8169530290452,4.06485232636823
28543.6209192446,12.9407791023524,4.39301140757003
31751.9351223472,10.3470137284266,4.04024398926656
29720.5596975155,21.5366547544932,4.70619180819948
26159.7949484722,15.547489164709,4.71940319010956
30600.7352026355,12.1501567895549,4.29922557654092
31238.5996983711,14.9645361746118,4.17179624280514
29418.2725381357,17.9425979187873,4.38204080714443
29725.3735080492,6.31981375238703,4.32883166120038
31003.4574680971,12.5297586181484,4.64137310931403
29004.2844515992,12.3469475430099,4.20622658466768
34859.6294065739,13.0975508428132,4.14220065140598
25382.1062696684,13.1131888304394,4.35674384221643
30104.709160639,19.3969252980193,4.38003297828897
30057.1352687387,13.99977042062,4.22488519497486
30106.052460341,16.866502906003,3.78785110318897
32578.2036188599,18.5945220654962,4.32416170989699
29407.2681833331,11.0077146172651,4.55910825678042
32271.7550272752,14.1138828602507,4.26645225154884
30323.7045768045,13.2973400149889,4.3044315477835
29583.7286493792,19.661892927424,4.35886466012906
30150.5222759234,14.7955582799016,4.30582714387468
36720.8810146388,17.7773041349101,4.69365958609088
31209.1063597974,16.0436677166351,4.27649561741191
30632.3504214902,13.9081582472064,4.3363438733794
68744.1618926404,24.3917297834234,3.80376896928777
72465.7935035128,27.4553504383074,3.80606467808
75833.7211787759,23.5753710807982,3.50134161670824
72452.2683075543,24.7417260039816,3.73670496237715
71877.377290742,25.8108600068288,3.82281218445395
69518.7945920408,24.5294726359256,3.47022302130792
73490.4735815993,22.8633216687358,2.99360646239394
68093.3743197974,25.2115705232183,3.49431311882801
68016.8725165315,24.9175760880557,3.82865972097717
72325.6763415133,27.1054270588467,3.00276605111566
71890.5184387685,28.4630947781379,3.82979575166073
66010.9841145269,28.0281184890806,3.31093840348529
68351.2949892593,27.477580000309,3.48072780386512
71289.4398851151,28.6587642309724,4.20857677099831
69959.3805882325,23.8295533266614,4.36900330399127
71945.3648088353,22.5400982797572,4.19688133576822
69729.3864881811,26.798622207281,3.78739522593339
71789.6108947754,23.7082590588954,4.29718035569547
72587.9404198801,33.1461600953348,3.8719347293468
67597.2080591228,21.6818894051199,4.46137116658716
70181.9493044744,22.3884590655305,4.24368246281433
68211.8927608707,29.6473443983984,4.09917555853522
71967.1563193945,21.4419495842986,3.7524296547425
69427.6115897702,25.1243085036921,3.89027512276336
71882.4900258052,32.2490264252711,3.91315964686462
65404.1327143738,28.9659519781237,3.5459147879744
74747.4600268363,23.4086548741017,3.28577499247721
65793.6160091937,24.2661856060826,4.11307202833889
67917.6224904868,24.4627435821727,3.54336843244356
71190.6357350206,21.7911570478519,3.92188877569057
68416.4579880804,20.8498705121539,3.71187730236234
70907.403335261,25.4782780715959,4.03700328239951
65840.1634383782,23.1922820135514,3.76789617437214
67821.7202775941,25.104934420163,3.44284071587589
62935.9095409808,23.9059379709176,4.01409498747376
70324.6907565972,16.8722240912846,4.40250729674391
66162.1807969284,21.7857049629138,3.8584873500318
70486.0933236129,24.1155585023727,3.11659271356927
68900.2106256363,27.4546172433664,3.97822362592327
72745.2870254227,27.6346687798981,3.68206948523091
67930.6792823071,18.8658941958111,3.25182410254595
69882.7194846417,28.2447126443679,3.76515592765099
71637.930621124,28.544494256084,4.15782847087885
66792.1794200643,21.8636135272639,4.05737811570367
69510.3022494835,25.9983537582028,3.73513046570987
68599.030340552,25.7251048549061,4.24979368350658
68778.6441105369,26.7155136133099,3.48297655696921
74166.9769489589,27.6842373818818,4.131291856305
72289.7865375886,28.7721102870383,3.83650964637092
75854.2258012289,26.0364057853693,3.57167070015373
70871.5481110334,27.3675482197345,4.03647747565854
70086.129879725,30.4850894053966,3.78541512847981
64167.9073252865,27.8941186825004,3.82149429414545
76674.9999000066,27.3757003633559,4.14154384799597
70152.5669823654,31.393682502608,4.01781500291766
64842.1185358345,22.892694045597,3.57799805459213
72518.3225936689,27.0555268084234,4.30083301175445
68498.4579980996,34.4264810934899,3.47382909436166
70965.376807355,22.7312572402376,4.12314350962419
70797.6726681159,26.0912728179959,4.72681302925447
71477.4003221072,20.0902792760594,3.75421076747287
66788.9346249535,27.6123971847372,4.53976775764933
71003.7804915013,22.9258261000476,3.35967389661539
66898.8661508713,25.6975810559246,4.08012839686765
72342.6326482008,29.0485618468649,3.93611362664608
70705.2992499542,21.7258242991833,3.75715504348528
70831.8012916269,21.9892431391969,3.9817917094292
69548.242890706,27.9063716778474,4.14729683056618
62800.1066830278,23.5029008070882,3.46539453698693
65159.3548931939,24.310332301644,3.32119520532314
70680.8920422939,23.5237688486049,3.49069660965111
65243.6363739408,22.7671619460736,3.58173014782314
67494.1081177955,26.9446140803535,3.43467726558901
72558.5135765717,28.1321883012745,3.14542051612874
65877.1375460204,24.4089225997065,3.946742086891
72600.0944786686,26.0023780239369,3.84963221779487
69337.0121999744,20.5981092167568,3.53995910942953
74126.1216227632,28.7074356069476,4.37744826575138
69892.8755053892,25.2557532017457,3.38575895196467
67086.1861104767,23.1303724334691,3.95527670872558
70393.7789622937,26.9391381709929,3.55516740195243
71735.0250516602,29.4194459690136,3.42474189944024
70406.2634907149,26.9292815051449,3.7937330769123
66938.1161968413,25.1147726276967,4.05477004475381
71422.120827541,27.5772818322854,4.36707934774653
63765.5259049721,24.1637991121546,4.1672123441784
71060.6454324053,21.7874979250739,3.65687581858112
72007.3317962453,21.7364710219132,3.72906741982042
71518.6408592661,24.0876628159188,3.9470039099471
73161.2614005109,21.9037269424765,3.67605552226451
65995.1907651775,24.4541702823091,4.2080895520215
62846.333751577,27.3754221540132,4.15034679300504
66616.0005798123,28.9583389722955,3.90336506058107
72887.1124624238,21.5061679474884,4.10314067020228
69040.9101437718,25.9387561040155,3.83127672005135
68343.7997379585,22.5100425175976,4.26236372463381
71059.5670402684,23.3737972203821,3.63262297151197
69526.5234601372,19.0852050117103,4.65420705878767
71863.6940413547,27.0491732753869,3.55272930506653
73461.7819450479,29.0408070811122,3.52871504790874
67816.0620391565,20.0323439293453,3.9816388584532
69594.0817353105,21.856559686865,4.24939986439013
68064.175197091,25.3543778072106,3.84634772327142
67555.2670688152,19.6876487866731,3.44630569805767
68771.7357053326,31.6403606488402,3.50851702287821
70442.0385539437,20.9172851491666,3.74645693867173
72080.6504828799,32.2040682839585,2.82044097569773
71255.580978446,25.6170318152639,3.37853285623651
70668.2863441759,21.9598912354968,3.90192898752886
71878.7053083,19.9306291538303,4.24828844914286
71405.2302375386,25.048090055294,3.69748498340197
69146.8790903874,25.7565414348858,3.90892477775634
70376.2785747467,26.0436621536617,3.08754430219887
68226.1961284788,28.6044138329863,3.16421003848829
63831.8382047626,25.9341820097234,3.6717950065095
74580.2159945779,31.5308852847587,4.07355485133205
72944.8562103431,22.8383259597886,3.43855436162649
64625.4183456245,20.6191593813629,4.06172956149127
66782.4117234713,22.6845443826232,3.66585130699855
68948.1149427685,28.458484540457,3.659177616517
72605.0172590292,25.5918470739398,2.90970584014514
72094.6516422156,27.1656487545977,3.43218701481939
67139.7533091698,26.869768956149,3.95288487439816
69419.8288399415,22.0290873316214,3.36814427614521
68405.8525459221,22.1786418477891,3.81671909846382
67891.0642055824,21.3321311423104,3.79282862112898
71975.1807717948,27.1928147283332,3.63392648566344
67887.8096930637,19.3195512627827,3.70764718052503
69286.5008505804,31.5207073687105,3.59995466070375
68131.4946409146,26.4870503751128,4.39871214340134
76992.7932565894,27.3703674067301,3.59565252778979
66916.7793052921,27.8593042992826,3.96754626324378
72484.4408484287,25.3927779527459,3.71532274781154
70533.5548702139,21.8107520594678,4.54624277843262
73625.2295093428,25.4926446926345,3.71773984188992
68163.0270400865,24.1481084921433,3.31481432079026
72383.7223255015,25.6070219048557,3.91024116327332
69863.3547746385,20.2074331563432,3.21354832596462
67516.2334483661,21.9389603212089,4.1383961279991
68990.3587377282,21.8492108076547,3.87293965386508
69801.2015587863,20.74064476539,3.62387624654725
71747.1089889082,18.830792578852,3.99784396662508
68256.5316988655,26.0276822676581,3.55228797430193
70626.939019503,19.2850316895879,3.53274897313896
62384.8929080811,25.8252717905673,3.49071160439695
70273.2034597881,18.8620208390609,3.98467584504922
65691.9927373099,22.5411694223181,2.9862360125988
70257.1373453987,26.1711909152783,4.18046843306182
72356.4389060709,20.8257301761381,3.13717220435641
74475.0701158063,19.3355260394648,3.55272367842106
70669.3348954676,22.8061629694567,4.40830320642354
73225.9893667672,27.0695618824297,3.64922692926682
69564.3746956494,23.0318435748357,3.94424842131578
65750.7164836769,19.5202986605035,4.02838103609763
72076.9249823394,22.4444314487183,3.50249082745874
76324.499209631,24.4657778491502,4.14888872185775
70040.2925176276,25.9752697383837,3.7209499053106
68639.9204085387,18.7105936195718,3.79046072915805
70468.8118860891,24.7815729144025,3.20771591288473
66142.20066946,30.7114344341918,3.97687554513885
64599.4704812159,24.4843057596381,4.14459710318481
72608.0338658641,25.6094757654445,3.44029255035671
70152.2075958706,35.1239710032937,4.24998844003736
64825.9541172539,28.1264595920732,3.9054531528881
70970.7543679048,22.4050540935571,3.75369042363695
72297.4576588884,24.3787058742275,3.31202458684535
65857.1120048634,26.1442476073303,3.16620797376762
75767.4808405886,23.3042198448446,3.3031136442948
74020.2474541004,23.8912401019838,4.03863923679654
73282.0887832335,25.307289338285,3.87528763387185
70060.7812957222,26.6928601278554,4.26569505084616
67712.422546516,27.8407405086361,3.69278278874608
67656.251364959,22.9636321190561,4.00328386853915
66371.3240025657,24.8002481501402,3.84271346421005
72580.3550216559,22.684202334193,4.05498068274725
69672.9856861678,25.1642033322606,3.54065170503853
68609.4273937152,21.0038797349579,3.50371580678356
67727.3399568068,27.4395915357865,3.55307914672341
75923.1695822789,23.2077357204204,3.34869780586304
70999.5401213164,21.4203884460012,3.72576672766347
69423.2977050366,19.5468529998617,3.76669396461518
74898.6757905762,28.980181258321,3.80280311104499
67405.0864374578,26.444284577058,4.3149727938581
63582.0037120278,25.649311630393,2.68744158972728
72353.8780230316,28.6251302980929,3.37266332985779
65474.4794336446,23.4715581395702,4.10554888998371
64569.8660492186,24.1931363515262,3.84204852085251
68570.7482833084,28.4343503710818,3.86919686777982
73083.2049594683,27.1856531274115,3.75073598670475
66380.9336746141,27.0594671622843,3.95199666351978
75741.7626284119,27.9718906744354,4.15448753548351
69993.8995298088,28.2821907716897,3.22880533803091
69656.7578565644,24.996680662764,3.28365085395229
74319.1891032751,24.6841943414613,3.56577410460077
64905.7747521791,23.5617400628108,3.4146042027844
71131.710619112,27.6421601747673,3.97434283673294
70842.9882365091,24.6427236026578,2.91692180096775
65438.7143081334,25.6563047785719,3.84528415723434
66892.8873180768,24.1671907403042,3.43204838238663
78970.9958015379,25.2353882216844,3.2092795216984
74026.5005269718,31.5087736528962,3.7728764341248
71753.3645424769,22.2308733035536,4.12799820626434
68011.3739684605,24.5299455009486,3.39910835702067
74560.0562486081,20.9843630960756,4.11262384140208
70887.0862224329,25.0532379765846,4.29752842278901
65462.403134561,21.1786979131552,4.04470517716352
71714.066553242,26.0649780139656,3.88968696882444
70122.3809439273,25.9225159202923,4.01169428909194
69826.2440073607,23.9594163689383,3.26715348152242
70845.8080498028,29.7992560550034,3.19275926388618
71538.0205031886,21.0180591632298,3.80868030906327
70738.5866314727,24.0817579723703,3.85742697189361
68875.785138402,19.48695809508,2.92517393302769
71523.5264675701,21.4909083257751,4.1298194808729
72649.4325747876,24.2969761365036,4.31243048761594
69932.9924787624,27.1683687347045,4.14777463317577
70752.2531813383,21.2152226224003,4.12099626619919
70569.5739051554,21.6590725047388,3.80416042161755
68490.8125110927,23.4069855119715,3.97383808967978
68873.902891315,24.2639444781172,4.00282294769608
70485.9209235251,25.9897342699605,3.30141133754104
73028.9732361464,22.1336383808938,3.65718510943394
63366.2972263445,25.4324125550969,3.88388986941489
66248.6762625417,30.6973547999074,4.20405395993553
65208.3297297911,27.4612957691708,3.56820802642275
74582.9682852037,23.0668626563688,4.20674717265756
69021.4619764936,20.4871225076357,3.90547848130893
75254.8275648737,27.998666740376,3.53602809664072
67004.5837467457,32.8818672687923,3.89776606345971
71264.3994104199,23.1051220566064,4.072157706492
64427.2073852787,27.6420263470044,4.41714155116686
72916.4778888036,26.4032610440089,3.23657443158483
72136.3906805471,28.8992404714589,3.25384221263852
72876.79750768,25.2890804869202,3.62591034171301
69751.3108784898,23.9676442965758,3.45175926706585
73165.3694138209,24.6068570022078,3.83414403774848
70571.3501231775,21.4001162514727,3.82808719777432
67211.935533432,24.9371864803529,3.99354294564064
70515.0043179253,27.2815400775189,3.93705784385068
72632.3905855576,22.36810705105,3.70244401904499
71357.6140103713,30.3449530104908,4.12440169040495
65180.9335186796,21.5558744195886,3.80746876115722
67028.7427284443,19.1645350384742,3.80954318215074
67026.2870100977,27.200667087685,3.48798327238448
66259.5401745867,27.5264012489095,4.11884489254467
71320.65861119,24.626976500148,4.27445155031246
67660.4888439109,24.0686974916142,3.56850670765774
71691.3172408032,25.8277919138315,3.83140909714212
64374.452789768,26.5741647919143,3.80638194199821
74155.7133953027,20.5997480938572,3.84033799946019
